{
  "type": "FeatureCollection",
  "features": [
    {
      "type": "Feature",
      "geometry": {
        "type": "LineString",
        "coordinates": [
          [
            151.16648864746094,
            -33.914039611816406
          ],
          [
            151.1653289794922,
            -33.91472244262695
          ],
          [
            151.16465759277344,
            -33.915164947509766
          ],
          [
            151.16453552246094,
            -33.91511535644531
          ],
          [
            151.16493225097656,
            -33.914894104003906
          ],
          [
            151.16494750976562,
            -33.91481399536133
          ],
          [
            151.16494750976562,
            -33.91481399536133
          ],
          [
            151.16494750976562,
            -33.91481018066406
          ],
          [
            151.16500854492188,
            -33.91469955444336
          ],
          [
            151.16502380371094,
            -33.914695739746094
          ],
          [
            151.16500854492188,
            -33.914703369140625
          ],
          [
            151.16500854492188,
            -33.91469955444336
          ],
          [
            151.16500854492188,
            -33.91469192504883
          ],
          [
            151.16500854492188,
            -33.914695739746094
          ],
          [
            151.16500854492188,
            -33.91469955444336
          ],
          [
            151.16500854492188,
            -33.91469955444336
          ],
          [
            151.16500854492188,
            -33.91469955444336
          ],
          [
            151.1649932861328,
            -33.91471862792969
          ],
          [
            151.16497802734375,
            -33.91474533081055
          ],
          [
            151.16497802734375,
            -33.914756774902344
          ],
          [
            151.16497802734375,
            -33.91476058959961
          ],
          [
            151.16497802734375,
            -33.914764404296875
          ],
          [
            151.16497802734375,
            -33.914764404296875
          ],
          [
            151.16497802734375,
            -33.91476058959961
          ],
          [
            151.16497802734375,
            -33.914764404296875
          ],
          [
            151.16497802734375,
            -33.914756774902344
          ],
          [
            151.16497802734375,
            -33.91476058959961
          ],
          [
            151.16497802734375,
            -33.91476058959961
          ],
          [
            151.16497802734375,
            -33.914756774902344
          ],
          [
            151.1649932861328,
            -33.91473388671875
          ],
          [
            151.1649932861328,
            -33.91471481323242
          ],
          [
            151.16502380371094,
            -33.91469955444336
          ],
          [
            151.1649932861328,
            -33.91471862792969
          ],
          [
            151.1649627685547,
            -33.91475296020508
          ],
          [
            151.16563415527344,
            -33.91429901123047
          ],
          [
            151.16656494140625,
            -33.91365432739258
          ],
          [
            151.1669158935547,
            -33.91358184814453
          ],
          [
            151.1667022705078,
            -33.91389083862305
          ],
          [
            151.16636657714844,
            -33.91411209106445
          ],
          [
            151.16636657714844,
            -33.914100646972656
          ],
          [
            151.16636657714844,
            -33.914100646972656
          ],
          [
            151.16636657714844,
            -33.914100646972656
          ],
          [
            151.16636657714844,
            -33.914100646972656
          ],
          [
            151.16636657714844,
            -33.91409683227539
          ],
          [
            151.16636657714844,
            -33.91409683227539
          ],
          [
            151.16636657714844,
            -33.91409683227539
          ],
          [
            151.16636657714844,
            -33.91409683227539
          ],
          [
            151.16636657714844,
            -33.91409683227539
          ],
          [
            151.166259765625,
            -33.91415023803711
          ],
          [
            151.16558837890625,
            -33.914554595947266
          ],
          [
            151.16555786132812,
            -33.91456604003906
          ],
          [
            151.16464233398438,
            -33.915184020996094
          ],
          [
            151.1634063720703,
            -33.914424896240234
          ],
          [
            151.16140747070312,
            -33.91300582885742
          ],
          [
            151.1605682373047,
            -33.912540435791016
          ],
          [
            151.1588592529297,
            -33.91172790527344
          ],
          [
            151.15821838378906,
            -33.91141891479492
          ],
          [
            151.1569366455078,
            -33.910804748535156
          ],
          [
            151.1565704345703,
            -33.91063690185547
          ],
          [
            151.15565490722656,
            -33.911231994628906
          ],
          [
            151.15521240234375,
            -33.911643981933594
          ],
          [
            151.154052734375,
            -33.91269302368164
          ],
          [
            151.1531219482422,
            -33.913719177246094
          ],
          [
            151.153076171875,
            -33.91381072998047
          ],
          [
            151.1527557373047,
            -33.91427230834961
          ],
          [
            151.15162658691406,
            -33.91516876220703
          ],
          [
            151.14968872070312,
            -33.91636276245117
          ],
          [
            151.14857482910156,
            -33.91728973388672
          ],
          [
            151.14743041992188,
            -33.917972564697266
          ],
          [
            151.14596557617188,
            -33.91879653930664
          ],
          [
            151.14572143554688,
            -33.918434143066406
          ],
          [
            151.1457977294922,
            -33.91746139526367
          ],
          [
            151.14459228515625,
            -33.91700744628906
          ],
          [
            151.1437225341797,
            -33.916866302490234
          ],
          [
            151.142822265625,
            -33.91693878173828
          ],
          [
            151.14247131347656,
            -33.916015625
          ],
          [
            151.14271545410156,
            -33.91495132446289
          ],
          [
            151.1425018310547,
            -33.91421127319336
          ],
          [
            151.1414337158203,
            -33.91327667236328
          ],
          [
            151.14068603515625,
            -33.912601470947266
          ],
          [
            151.1399383544922,
            -33.91193389892578
          ],
          [
            151.13986206054688,
            -33.911842346191406
          ],
          [
            151.1396026611328,
            -33.91143035888672
          ],
          [
            151.13894653320312,
            -33.91066360473633
          ],
          [
            151.1380615234375,
            -33.910118103027344
          ],
          [
            151.13719177246094,
            -33.90966796875
          ],
          [
            151.1361541748047,
            -33.90980911254883
          ],
          [
            151.1350860595703,
            -33.909873962402344
          ],
          [
            151.13450622558594,
            -33.91008758544922
          ],
          [
            151.13333129882812,
            -33.910118103027344
          ],
          [
            151.1326141357422,
            -33.91022872924805
          ],
          [
            151.13250732421875,
            -33.91010284423828
          ],
          [
            151.13241577148438,
            -33.9099235534668
          ],
          [
            151.13177490234375,
            -33.909584045410156
          ],
          [
            151.1310272216797,
            -33.90904235839844
          ],
          [
            151.1300506591797,
            -33.9083251953125
          ],
          [
            151.1288299560547,
            -33.90742874145508
          ],
          [
            151.12814331054688,
            -33.906917572021484
          ],
          [
            151.12725830078125,
            -33.90625
          ],
          [
            151.12640380859375,
            -33.90711975097656
          ],
          [
            151.12464904785156,
            -33.908512115478516
          ],
          [
            151.12271118164062,
            -33.909828186035156
          ],
          [
            151.12098693847656,
            -33.910980224609375
          ],
          [
            151.1195831298828,
            -33.91190719604492
          ],
          [
            151.1185760498047,
            -33.912532806396484
          ],
          [
            151.11837768554688,
            -33.91263961791992
          ],
          [
            151.11776733398438,
            -33.913047790527344
          ],
          [
            151.11602783203125,
            -33.91352081298828
          ],
          [
            151.11428833007812,
            -33.9141845703125
          ],
          [
            151.1132049560547,
            -33.91382598876953
          ],
          [
            151.11239624023438,
            -33.912376403808594
          ],
          [
            151.11160278320312,
            -33.91109085083008
          ],
          [
            151.1111602783203,
            -33.91033172607422
          ],
          [
            151.11004638671875,
            -33.91071319580078
          ],
          [
            151.10887145996094,
            -33.91120147705078
          ],
          [
            151.10792541503906,
            -33.91157531738281
          ],
          [
            151.10707092285156,
            -33.911888122558594
          ],
          [
            151.1063995361328,
            -33.91215515136719
          ],
          [
            151.10543823242188,
            -33.91252517700195
          ],
          [
            151.1045379638672,
            -33.91286849975586
          ],
          [
            151.1041717529297,
            -33.913028717041016
          ],
          [
            151.10398864746094,
            -33.912681579589844
          ],
          [
            151.1038818359375,
            -33.91160202026367
          ],
          [
            151.0565185546875,
            -33.925777435302734
          ],
          [
            151.05599975585938,
            -33.92583084106445
          ],
          [
            151.0558319091797,
            -33.92582321166992
          ]
        ]
      },
      "properties": {
        "route_id": "7083_SW1",
        "trip_id": "2682983",
        "vehicle_id": "43332_220793614_7083_SW1",
        "point_count": 126,
        "start_ts": "2026-08-11T23:41:20+10",
        "end_ts": "2026-08-12T00:35:17+10",
        "avg_kmh": 16.7
      }
    },
    {
      "type": "Feature",
      "geometry": {
        "type": "LineString",
        "coordinates": [
          [
            151.206298828125,
            -33.866737365722656
          ],
          [
            151.20628356933594,
            -33.86674499511719
          ],
          [
            151.206298828125,
            -33.86664962768555
          ],
          [
            151.20635986328125,
            -33.86606216430664
          ],
          [
            151.20635986328125,
            -33.866058349609375
          ],
          [
            151.21041870117188,
            -33.83842849731445
          ],
          [
            151.2108917236328,
            -33.83586883544922
          ],
          [
            151.21170043945312,
            -33.833465576171875
          ],
          [
            151.21267700195312,
            -33.83187484741211
          ],
          [
            151.21339416503906,
            -33.830257415771484
          ],
          [
            151.2207794189453,
            -33.83085632324219
          ],
          [
            151.22171020507812,
            -33.83116912841797
          ],
          [
            151.22174072265625,
            -33.83118438720703
          ],
          [
            151.22315979003906,
            -33.83147048950195
          ],
          [
            151.22567749023438,
            -33.830543518066406
          ],
          [
            151.22799682617188,
            -33.82927322387695
          ],
          [
            151.2296600341797,
            -33.828304290771484
          ],
          [
            151.23187255859375,
            -33.82683563232422
          ],
          [
            151.23382568359375,
            -33.8250732421875
          ],
          [
            151.2362518310547,
            -33.82426452636719
          ],
          [
            151.23854064941406,
            -33.824275970458984
          ],
          [
            151.24070739746094,
            -33.82439422607422
          ],
          [
            151.24147033691406,
            -33.824039459228516
          ],
          [
            151.2415313720703,
            -33.824005126953125
          ],
          [
            151.2425537109375,
            -33.823360443115234
          ],
          [
            151.24258422851562,
            -33.823341369628906
          ],
          [
            151.24258422851562,
            -33.823341369628906
          ],
          [
            151.2433319091797,
            -33.82283020019531
          ],
          [
            151.24395751953125,
            -33.820892333984375
          ],
          [
            151.2439727783203,
            -33.818634033203125
          ],
          [
            151.24314880371094,
            -33.816402435302734
          ],
          [
            151.24337768554688,
            -33.81483840942383
          ],
          [
            151.24392700195312,
            -33.81349563598633
          ],
          [
            151.24461364746094,
            -33.812599182128906
          ],
          [
            151.2439727783203,
            -33.811607360839844
          ],
          [
            151.24441528320312,
            -33.810787200927734
          ],
          [
            151.2452392578125,
            -33.8099365234375
          ],
          [
            151.24603271484375,
            -33.80894470214844
          ],
          [
            151.24664306640625,
            -33.80782699584961
          ],
          [
            151.24636840820312,
            -33.80591583251953
          ],
          [
            151.24606323242188,
            -33.80311965942383
          ],
          [
            151.24659729003906,
            -33.800697326660156
          ],
          [
            151.2489013671875,
            -33.7996940612793
          ],
          [
            151.2508087158203,
            -33.79905319213867
          ],
          [
            151.25250244140625,
            -33.79770278930664
          ],
          [
            151.2530059814453,
            -33.79545974731445
          ],
          [
            151.25390625,
            -33.79248809814453
          ],
          [
            151.2559814453125,
            -33.790035247802734
          ],
          [
            151.25857543945312,
            -33.78864288330078
          ],
          [
            151.26211547851562,
            -33.78852462768555
          ],
          [
            151.26519775390625,
            -33.78862762451172
          ],
          [
            151.26649475097656,
            -33.78703689575195
          ],
          [
            151.26669311523438,
            -33.78622055053711
          ],
          [
            151.26670837402344,
            -33.78620147705078
          ],
          [
            151.2672119140625,
            -33.78447723388672
          ],
          [
            151.2674102783203,
            -33.78366470336914
          ],
          [
            151.2677001953125,
            -33.782466888427734
          ],
          [
            151.26780700683594,
            -33.78160095214844
          ],
          [
            151.2675018310547,
            -33.78003692626953
          ],
          [
            151.26705932617188,
            -33.77803421020508
          ],
          [
            151.2664031982422,
            -33.775394439697266
          ],
          [
            151.26597595214844,
            -33.77369689941406
          ],
          [
            151.26583862304688,
            -33.77180862426758
          ],
          [
            151.26622009277344,
            -33.76979446411133
          ],
          [
            151.26779174804688,
            -33.76826477050781
          ],
          [
            151.26858520507812,
            -33.767303466796875
          ],
          [
            151.2686309814453,
            -33.767250061035156
          ],
          [
            151.2686309814453,
            -33.767250061035156
          ],
          [
            151.26869201660156,
            -33.76716232299805
          ],
          [
            151.26951599121094,
            -33.76612091064453
          ],
          [
            151.27024841308594,
            -33.765167236328125
          ],
          [
            151.27145385742188,
            -33.76367950439453
          ],
          [
            151.271728515625,
            -33.762001037597656
          ],
          [
            151.27316284179688,
            -33.76101303100586
          ],
          [
            151.2749481201172,
            -33.76111602783203
          ],
          [
            151.27674865722656,
            -33.7611083984375
          ],
          [
            151.27847290039062,
            -33.75999450683594
          ],
          [
            151.2799835205078,
            -33.7589111328125
          ],
          [
            151.2814178466797,
            -33.757686614990234
          ],
          [
            151.28244018554688,
            -33.756446838378906
          ],
          [
            151.2835235595703,
            -33.75516128540039
          ],
          [
            151.28440856933594,
            -33.75417709350586
          ],
          [
            151.28501892089844,
            -33.75373077392578
          ],
          [
            151.2859649658203,
            -33.75305938720703
          ],
          [
            151.2864990234375,
            -33.752662658691406
          ],
          [
            151.2864990234375,
            -33.752662658691406
          ],
          [
            151.28660583496094,
            -33.75259017944336
          ],
          [
            151.28753662109375,
            -33.75197219848633
          ],
          [
            151.28872680664062,
            -33.75109100341797
          ],
          [
            151.2893829345703,
            -33.74990463256836
          ],
          [
            151.2900848388672,
            -33.7486457824707
          ],
          [
            151.2908477783203,
            -33.747230529785156
          ],
          [
            151.2922821044922,
            -33.74591064453125
          ],
          [
            151.29385375976562,
            -33.74521255493164
          ],
          [
            151.2962188720703,
            -33.74467086791992
          ],
          [
            151.29843139648438,
            -33.74464416503906
          ],
          [
            151.30078125,
            -33.744632720947266
          ],
          [
            151.3024444580078,
            -33.74446487426758
          ],
          [
            151.30361938476562,
            -33.74290466308594
          ],
          [
            151.30316162109375,
            -33.7410888671875
          ],
          [
            151.30267333984375,
            -33.739356994628906
          ],
          [
            151.3025360107422,
            -33.73805236816406
          ],
          [
            151.30233764648438,
            -33.736297607421875
          ],
          [
            151.30209350585938,
            -33.73465347290039
          ],
          [
            151.30160522460938,
            -33.733055114746094
          ],
          [
            151.30105590820312,
            -33.731937408447266
          ],
          [
            151.3009490966797,
            -33.73170852661133
          ],
          [
            151.3009490966797,
            -33.73170852661133
          ],
          [
            151.3007354736328,
            -33.73114013671875
          ],
          [
            151.30007934570312,
            -33.729618072509766
          ],
          [
            151.29930114746094,
            -33.727447509765625
          ],
          [
            151.2989959716797,
            -33.72563934326172
          ],
          [
            151.2986297607422,
            -33.7236328125
          ],
          [
            151.2982940673828,
            -33.721763610839844
          ],
          [
            151.29794311523438,
            -33.719818115234375
          ],
          [
            151.297607421875,
            -33.71792221069336
          ],
          [
            151.29736328125,
            -33.71644592285156
          ],
          [
            151.29727172851562,
            -33.71456527709961
          ],
          [
            151.29718017578125,
            -33.713592529296875
          ],
          [
            151.2971954345703,
            -33.713172912597656
          ],
          [
            151.29681396484375,
            -33.71174240112305
          ],
          [
            151.2957305908203,
            -33.709930419921875
          ],
          [
            151.2963104248047,
            -33.70830154418945
          ],
          [
            151.29649353027344,
            -33.70781326293945
          ]
        ]
      },
      "properties": {
        "route_id": "2508_B1",
        "trip_id": "2415576",
        "vehicle_id": "43264_237403435_2508_B1",
        "point_count": 124,
        "start_ts": "2026-08-11T23:36:41+10",
        "end_ts": "2026-08-12T00:19:37+10",
        "avg_kmh": 38.5
      }
    },
    {
      "type": "Feature",
      "geometry": {
        "type": "LineString",
        "coordinates": [
          [
            151.0059051513672,
            -33.81731033325195
          ],
          [
            151.0059051513672,
            -33.81731033325195
          ],
          [
            151.0067596435547,
            -33.818267822265625
          ],
          [
            151.0059356689453,
            -33.81827163696289
          ],
          [
            151.00498962402344,
            -33.81774139404297
          ],
          [
            151.00457763671875,
            -33.81752014160156
          ],
          [
            151.00457763671875,
            -33.81752014160156
          ],
          [
            151.00103759765625,
            -33.816429138183594
          ],
          [
            150.9995574951172,
            -33.81611633300781
          ],
          [
            150.99815368652344,
            -33.815818786621094
          ],
          [
            150.99732971191406,
            -33.81584167480469
          ],
          [
            150.99676513671875,
            -33.817527770996094
          ],
          [
            150.99655151367188,
            -33.81814956665039
          ],
          [
            150.99656677246094,
            -33.818199157714844
          ],
          [
            150.99652099609375,
            -33.818321228027344
          ],
          [
            150.995361328125,
            -33.81853485107422
          ],
          [
            150.99517822265625,
            -33.81852340698242
          ],
          [
            150.99461364746094,
            -33.818538665771484
          ],
          [
            150.9924774169922,
            -33.818824768066406
          ],
          [
            150.99148559570312,
            -33.818965911865234
          ],
          [
            150.99005126953125,
            -33.81919479370117
          ],
          [
            150.98989868164062,
            -33.81916809082031
          ],
          [
            150.98793029785156,
            -33.81942367553711
          ],
          [
            150.98550415039062,
            -33.81964874267578
          ],
          [
            150.98333740234375,
            -33.81949996948242
          ],
          [
            150.98167419433594,
            -33.8180046081543
          ],
          [
            150.9810028076172,
            -33.8173828125
          ],
          [
            150.9804229736328,
            -33.817081451416016
          ],
          [
            150.97799682617188,
            -33.816810607910156
          ],
          [
            150.97486877441406,
            -33.81669235229492
          ],
          [
            150.97305297851562,
            -33.816566467285156
          ],
          [
            150.97280883789062,
            -33.81660079956055
          ],
          [
            150.9712371826172,
            -33.81669235229492
          ],
          [
            150.9694061279297,
            -33.816802978515625
          ],
          [
            150.96926879882812,
            -33.81812286376953
          ],
          [
            150.9692840576172,
            -33.819766998291016
          ],
          [
            150.96934509277344,
            -33.82182312011719
          ],
          [
            150.9694366455078,
            -33.82353973388672
          ],
          [
            150.9694366455078,
            -33.82353973388672
          ],
          [
            150.96942138671875,
            -33.82408905029297
          ],
          [
            150.96945190429688,
            -33.825836181640625
          ],
          [
            150.96949768066406,
            -33.82747268676758
          ],
          [
            150.96951293945312,
            -33.828514099121094
          ],
          [
            150.9695587158203,
            -33.83042907714844
          ],
          [
            150.96961975097656,
            -33.83195495605469
          ],
          [
            150.96958923339844,
            -33.832435607910156
          ],
          [
            150.9691619873047,
            -33.83362579345703
          ],
          [
            150.9690704345703,
            -33.83409118652344
          ],
          [
            150.96896362304688,
            -33.83429718017578
          ],
          [
            150.9685821533203,
            -33.835594177246094
          ],
          [
            150.968017578125,
            -33.83732223510742
          ],
          [
            150.96728515625,
            -33.839683532714844
          ],
          [
            150.9669189453125,
            -33.84062957763672
          ],
          [
            150.96499633789062,
            -33.8411865234375
          ],
          [
            150.96376037597656,
            -33.84105682373047
          ],
          [
            150.96336364746094,
            -33.84233856201172
          ],
          [
            150.96292114257812,
            -33.84400177001953
          ],
          [
            150.96182250976562,
            -33.844566345214844
          ],
          [
            150.96017456054688,
            -33.84423828125
          ],
          [
            150.95709228515625,
            -33.84366989135742
          ],
          [
            150.95474243164062,
            -33.84323501586914
          ],
          [
            150.95216369628906,
            -33.84273910522461
          ],
          [
            150.95034790039062,
            -33.84244918823242
          ],
          [
            150.9495086669922,
            -33.84236526489258
          ],
          [
            150.94590759277344,
            -33.84174346923828
          ],
          [
            150.9425048828125,
            -33.840965270996094
          ],
          [
            150.93927001953125,
            -33.840232849121094
          ],
          [
            150.93661499023438,
            -33.83960723876953
          ],
          [
            150.93492126464844,
            -33.839237213134766
          ],
          [
            150.93234252929688,
            -33.83865737915039
          ],
          [
            150.92941284179688,
            -33.837982177734375
          ],
          [
            150.92674255371094,
            -33.83737564086914
          ],
          [
            150.9248046875,
            -33.836917877197266
          ],
          [
            150.9221954345703,
            -33.836334228515625
          ],
          [
            150.91921997070312,
            -33.835655212402344
          ],
          [
            150.91688537597656,
            -33.83515548706055
          ],
          [
            150.91311645507812,
            -33.834312438964844
          ],
          [
            150.91200256347656,
            -33.83399963378906
          ],
          [
            150.91152954101562,
            -33.83461380004883
          ],
          [
            150.91146850585938,
            -33.83645248413086
          ],
          [
            150.9114532470703,
            -33.83670425415039
          ],
          [
            150.91128540039062,
            -33.838233947753906
          ],
          [
            150.91098022460938,
            -33.840030670166016
          ],
          [
            150.91058349609375,
            -33.841915130615234
          ],
          [
            150.9102783203125,
            -33.843360900878906
          ],
          [
            150.90972900390625,
            -33.84547805786133
          ],
          [
            150.90875244140625,
            -33.846649169921875
          ],
          [
            150.90869140625,
            -33.846736907958984
          ],
          [
            150.9078369140625,
            -33.846839904785156
          ],
          [
            150.9055938720703,
            -33.846466064453125
          ],
          [
            150.90318298339844,
            -33.84611892700195
          ],
          [
            150.9010009765625,
            -33.84579086303711
          ],
          [
            150.89898681640625,
            -33.84549331665039
          ],
          [
            150.89682006835938,
            -33.845157623291016
          ],
          [
            150.89593505859375,
            -33.845767974853516
          ],
          [
            150.89552307128906,
            -33.847721099853516
          ],
          [
            150.89564514160156,
            -33.849369049072266
          ],
          [
            150.89620971679688,
            -33.85118865966797
          ],
          [
            150.8965301513672,
            -33.85245895385742
          ],
          [
            150.89654541015625,
            -33.85249328613281
          ],
          [
            150.8968048095703,
            -33.8538932800293
          ],
          [
            150.8971405029297,
            -33.856101989746094
          ],
          [
            150.89703369140625,
            -33.85773468017578
          ],
          [
            150.89695739746094,
            -33.85894775390625
          ],
          [
            150.89694213867188,
            -33.859039306640625
          ],
          [
            150.89691162109375,
            -33.85922622680664
          ],
          [
            150.8967742919922,
            -33.86023712158203
          ],
          [
            150.89654541015625,
            -33.86244201660156
          ],
          [
            150.8963623046875,
            -33.864585876464844
          ],
          [
            150.89669799804688,
            -33.86630630493164
          ],
          [
            150.8975372314453,
            -33.8680305480957
          ],
          [
            150.89830017089844,
            -33.86967849731445
          ],
          [
            150.8983154296875,
            -33.86970138549805
          ],
          [
            150.8983154296875,
            -33.86970138549805
          ],
          [
            150.89845275878906,
            -33.86996841430664
          ],
          [
            150.8993682861328,
            -33.87171173095703
          ],
          [
            150.89991760253906,
            -33.87277603149414
          ],
          [
            150.9002685546875,
            -33.87411117553711
          ],
          [
            150.9002685546875,
            -33.874141693115234
          ],
          [
            150.89891052246094,
            -33.87539291381836
          ],
          [
            150.8968048095703,
            -33.87712097167969
          ],
          [
            150.9174041748047,
            -33.92174530029297
          ],
          [
            150.91920471191406,
            -33.921939849853516
          ],
          [
            150.92066955566406,
            -33.922142028808594
          ]
        ]
      },
      "properties": {
        "route_id": "2503_80",
        "trip_id": "2641285",
        "vehicle_id": "43332_224695244_2503_80",
        "point_count": 124,
        "start_ts": "2026-08-11T23:41:03+10",
        "end_ts": "2026-08-12T00:35:16+10",
        "avg_kmh": 35.7
      }
    },
    {
      "type": "Feature",
      "geometry": {
        "type": "LineString",
        "coordinates": [
          [
            151.03607177734375,
            -33.917964935302734
          ],
          [
            151.0360565185547,
            -33.91794967651367
          ],
          [
            151.0360565185547,
            -33.91794967651367
          ],
          [
            151.0360565185547,
            -33.91794967651367
          ],
          [
            151.0360565185547,
            -33.91794967651367
          ],
          [
            151.03607177734375,
            -33.9179573059082
          ],
          [
            151.03607177734375,
            -33.9179573059082
          ],
          [
            151.03607177734375,
            -33.9179573059082
          ],
          [
            151.03607177734375,
            -33.9179573059082
          ],
          [
            151.03607177734375,
            -33.9179573059082
          ],
          [
            151.03607177734375,
            -33.91796112060547
          ],
          [
            151.0360565185547,
            -33.91796112060547
          ],
          [
            151.03604125976562,
            -33.91796112060547
          ],
          [
            151.03604125976562,
            -33.91796112060547
          ],
          [
            151.03604125976562,
            -33.91796112060547
          ],
          [
            151.03604125976562,
            -33.91796112060547
          ],
          [
            151.0360565185547,
            -33.91795349121094
          ],
          [
            151.03607177734375,
            -33.91795349121094
          ],
          [
            151.0360870361328,
            -33.91794967651367
          ],
          [
            151.0360870361328,
            -33.91794967651367
          ],
          [
            151.0360870361328,
            -33.91794967651367
          ],
          [
            151.0360870361328,
            -33.91794967651367
          ],
          [
            151.03607177734375,
            -33.91794967651367
          ],
          [
            151.03607177734375,
            -33.91794967651367
          ],
          [
            151.03607177734375,
            -33.9179573059082
          ],
          [
            151.03607177734375,
            -33.9179573059082
          ],
          [
            151.03607177734375,
            -33.9179573059082
          ],
          [
            151.0360565185547,
            -33.91796112060547
          ],
          [
            151.0360565185547,
            -33.91796112060547
          ],
          [
            151.0360565185547,
            -33.91796112060547
          ],
          [
            151.0360565185547,
            -33.91796112060547
          ],
          [
            151.0360565185547,
            -33.91796112060547
          ],
          [
            151.03607177734375,
            -33.91796112060547
          ],
          [
            151.0360870361328,
            -33.91796112060547
          ],
          [
            151.0360870361328,
            -33.91796112060547
          ],
          [
            151.0360565185547,
            -33.91796112060547
          ],
          [
            151.0360565185547,
            -33.917964935302734
          ],
          [
            151.03604125976562,
            -33.917964935302734
          ],
          [
            151.0360565185547,
            -33.91796875
          ],
          [
            151.03604125976562,
            -33.917964935302734
          ],
          [
            151.03604125976562,
            -33.917964935302734
          ],
          [
            151.03602600097656,
            -33.91796875
          ],
          [
            151.03602600097656,
            -33.91796875
          ],
          [
            151.03602600097656,
            -33.91796875
          ],
          [
            151.03604125976562,
            -33.91796875
          ],
          [
            151.03607177734375,
            -33.91796112060547
          ],
          [
            151.03610229492188,
            -33.9179573059082
          ],
          [
            151.03610229492188,
            -33.9179573059082
          ],
          [
            151.03611755371094,
            -33.9179573059082
          ],
          [
            151.03611755371094,
            -33.9179573059082
          ],
          [
            151.03610229492188,
            -33.91796112060547
          ],
          [
            151.03607177734375,
            -33.91796112060547
          ],
          [
            151.03607177734375,
            -33.91796112060547
          ],
          [
            151.0360565185547,
            -33.917964935302734
          ],
          [
            151.0360565185547,
            -33.917964935302734
          ],
          [
            151.0360565185547,
            -33.917964935302734
          ],
          [
            151.0360565185547,
            -33.91796112060547
          ],
          [
            151.0360565185547,
            -33.91796112060547
          ],
          [
            151.03607177734375,
            -33.91796112060547
          ],
          [
            151.03607177734375,
            -33.91796112060547
          ],
          [
            151.03607177734375,
            -33.9179573059082
          ],
          [
            151.03607177734375,
            -33.9179573059082
          ],
          [
            151.03607177734375,
            -33.9179573059082
          ],
          [
            151.03607177734375,
            -33.9179573059082
          ],
          [
            151.03607177734375,
            -33.91796112060547
          ],
          [
            151.03607177734375,
            -33.91796112060547
          ],
          [
            151.03565979003906,
            -33.91804122924805
          ],
          [
            151.03549194335938,
            -33.91804122924805
          ],
          [
            151.03526306152344,
            -33.918128967285156
          ],
          [
            151.03585815429688,
            -33.918212890625
          ],
          [
            151.03733825683594,
            -33.91790771484375
          ],
          [
            151.038818359375,
            -33.91780471801758
          ],
          [
            151.03973388671875,
            -33.91771697998047
          ],
          [
            151.0417022705078,
            -33.91769790649414
          ],
          [
            151.04428100585938,
            -33.91840744018555
          ],
          [
            151.04638671875,
            -33.91988754272461
          ],
          [
            151.0481719970703,
            -33.921348571777344
          ],
          [
            151.0497283935547,
            -33.92262268066406
          ],
          [
            151.05067443847656,
            -33.92336654663086
          ],
          [
            151.0528106689453,
            -33.92509460449219
          ],
          [
            151.0536346435547,
            -33.92573928833008
          ],
          [
            151.0539093017578,
            -33.9259033203125
          ],
          [
            151.0539093017578,
            -33.9259033203125
          ],
          [
            151.053955078125,
            -33.925941467285156
          ],
          [
            151.05487060546875,
            -33.92564392089844
          ],
          [
            151.05657958984375,
            -33.92573928833008
          ],
          [
            151.0576629638672,
            -33.925621032714844
          ],
          [
            151.05784606933594,
            -33.92561721801758
          ],
          [
            151.0589141845703,
            -33.92543411254883
          ],
          [
            151.0605926513672,
            -33.925228118896484
          ],
          [
            151.06243896484375,
            -33.92485809326172
          ],
          [
            151.06423950195312,
            -33.924259185791016
          ],
          [
            151.06565856933594,
            -33.92378234863281
          ],
          [
            151.06668090820312,
            -33.923458099365234
          ],
          [
            151.06777954101562,
            -33.923057556152344
          ],
          [
            151.0678253173828,
            -33.92304229736328
          ],
          [
            151.06910705566406,
            -33.922645568847656
          ],
          [
            151.07081604003906,
            -33.92207336425781
          ],
          [
            151.072265625,
            -33.92159652709961
          ],
          [
            151.07347106933594,
            -33.92119216918945
          ],
          [
            151.07472229003906,
            -33.920841217041016
          ],
          [
            151.07598876953125,
            -33.92038345336914
          ],
          [
            151.07684326171875,
            -33.92012405395508
          ],
          [
            151.07687377929688,
            -33.92011642456055
          ],
          [
            151.07716369628906,
            -33.92003631591797
          ],
          [
            151.07794189453125,
            -33.91987228393555
          ],
          [
            151.07870483398438,
            -33.919559478759766
          ],
          [
            151.07945251464844,
            -33.919254302978516
          ],
          [
            151.08042907714844,
            -33.91889572143555
          ],
          [
            151.08180236816406,
            -33.918426513671875
          ],
          [
            151.0833282470703,
            -33.918548583984375
          ],
          [
            151.08409118652344,
            -33.91865921020508
          ],
          [
            151.0857696533203,
            -33.9179801940918
          ],
          [
            151.08750915527344,
            -33.917789459228516
          ],
          [
            151.0885467529297,
            -33.917755126953125
          ],
          [
            151.08909606933594,
            -33.91874313354492
          ],
          [
            151.08956909179688,
            -33.919559478759766
          ],
          [
            151.08973693847656,
            -33.91987228393555
          ],
          [
            151.08998107910156,
            -33.921390533447266
          ],
          [
            151.0902862548828,
            -33.922767639160156
          ],
          [
            151.0908966064453,
            -33.923702239990234
          ],
          [
            151.091064453125,
            -33.92399597167969
          ],
          [
            151.09140014648438,
            -33.9239387512207
          ],
          [
            151.09324645996094,
            -33.922977447509766
          ]
        ]
      },
      "properties": {
        "route_id": "7084_SW2",
        "trip_id": "2579248",
        "vehicle_id": "43333_619272506089_7084_SW2",
        "point_count": 124,
        "start_ts": "2026-08-11T23:41:21+10",
        "end_ts": "2026-08-12T00:19:38+10",
        "avg_kmh": 13.1
      }
    },
    {
      "type": "Feature",
      "geometry": {
        "type": "LineString",
        "coordinates": [
          [
            151.20797729492188,
            -33.8781852722168
          ],
          [
            151.207763671875,
            -33.878143310546875
          ],
          [
            151.20761108398438,
            -33.878116607666016
          ],
          [
            151.207275390625,
            -33.8786735534668
          ],
          [
            151.20701599121094,
            -33.87968063354492
          ],
          [
            151.1941375732422,
            -33.88618469238281
          ],
          [
            151.1929168701172,
            -33.888038635253906
          ],
          [
            151.19252014160156,
            -33.8883056640625
          ],
          [
            151.19187927246094,
            -33.888641357421875
          ],
          [
            151.19139099121094,
            -33.888885498046875
          ],
          [
            151.18661499023438,
            -33.89265060424805
          ],
          [
            151.18594360351562,
            -33.8928108215332
          ],
          [
            151.1852569580078,
            -33.89299392700195
          ],
          [
            151.1836700439453,
            -33.89351272583008
          ],
          [
            151.18316650390625,
            -33.89392852783203
          ],
          [
            151.1829833984375,
            -33.894046783447266
          ],
          [
            151.182373046875,
            -33.894588470458984
          ],
          [
            151.18215942382812,
            -33.89481735229492
          ],
          [
            151.18092346191406,
            -33.89608383178711
          ],
          [
            151.1797637939453,
            -33.896732330322266
          ],
          [
            151.17921447753906,
            -33.89731216430664
          ],
          [
            151.17889404296875,
            -33.8976936340332
          ],
          [
            151.17889404296875,
            -33.8976936340332
          ],
          [
            151.17889404296875,
            -33.8976936340332
          ],
          [
            151.17889404296875,
            -33.8976936340332
          ],
          [
            151.17889404296875,
            -33.8976936340332
          ],
          [
            151.17889404296875,
            -33.8976936340332
          ],
          [
            151.1788787841797,
            -33.897701263427734
          ],
          [
            151.17861938476562,
            -33.89787673950195
          ],
          [
            151.1785888671875,
            -33.897884368896484
          ],
          [
            151.1778564453125,
            -33.89815902709961
          ],
          [
            151.1763153076172,
            -33.898712158203125
          ],
          [
            151.17416381835938,
            -33.89888000488281
          ],
          [
            151.17250061035156,
            -33.89906692504883
          ],
          [
            151.17178344726562,
            -33.899227142333984
          ],
          [
            151.17140197753906,
            -33.89936447143555
          ],
          [
            151.17140197753906,
            -33.89936828613281
          ],
          [
            151.1708221435547,
            -33.89976501464844
          ],
          [
            151.16998291015625,
            -33.901275634765625
          ],
          [
            151.1691436767578,
            -33.9028205871582
          ],
          [
            151.16795349121094,
            -33.904945373535156
          ],
          [
            151.16714477539062,
            -33.90571212768555
          ],
          [
            151.16639709472656,
            -33.90582275390625
          ],
          [
            151.1638946533203,
            -33.90763473510742
          ],
          [
            151.16293334960938,
            -33.908836364746094
          ],
          [
            151.1622772216797,
            -33.90964889526367
          ],
          [
            151.1622772216797,
            -33.90966033935547
          ],
          [
            151.16224670410156,
            -33.9096794128418
          ],
          [
            151.16152954101562,
            -33.910579681396484
          ],
          [
            151.1608428955078,
            -33.91143798828125
          ],
          [
            151.1605224609375,
            -33.91189956665039
          ],
          [
            151.1605224609375,
            -33.91189956665039
          ],
          [
            151.1605224609375,
            -33.91189956665039
          ],
          [
            151.16024780273438,
            -33.91220474243164
          ],
          [
            151.16015625,
            -33.91231918334961
          ],
          [
            151.1593475341797,
            -33.9120979309082
          ],
          [
            151.15826416015625,
            -33.91162109375
          ],
          [
            151.15826416015625,
            -33.91162109375
          ],
          [
            151.15814208984375,
            -33.91155242919922
          ],
          [
            151.1573028564453,
            -33.91110610961914
          ],
          [
            151.15647888183594,
            -33.910736083984375
          ],
          [
            151.15646362304688,
            -33.910736083984375
          ],
          [
            151.15594482421875,
            -33.91096115112305
          ],
          [
            151.1552734375,
            -33.91162109375
          ],
          [
            151.1543426513672,
            -33.9124755859375
          ],
          [
            151.1540069580078,
            -33.912776947021484
          ],
          [
            151.15341186523438,
            -33.91337966918945
          ],
          [
            151.15309143066406,
            -33.913841247558594
          ],
          [
            151.15255737304688,
            -33.91463851928711
          ],
          [
            151.1510009765625,
            -33.91559600830078
          ],
          [
            151.15054321289062,
            -33.9158821105957
          ],
          [
            151.1503143310547,
            -33.91599655151367
          ],
          [
            151.14932250976562,
            -33.916709899902344
          ],
          [
            151.1488494873047,
            -33.91714096069336
          ],
          [
            151.14854431152344,
            -33.91738510131836
          ],
          [
            151.14784240722656,
            -33.91779327392578
          ],
          [
            151.14651489257812,
            -33.91853332519531
          ],
          [
            151.1450958251953,
            -33.91943359375
          ],
          [
            151.14332580566406,
            -33.92170715332031
          ],
          [
            151.1429443359375,
            -33.92215347290039
          ],
          [
            151.1425018310547,
            -33.92330551147461
          ],
          [
            151.1420135498047,
            -33.923770904541016
          ],
          [
            151.14166259765625,
            -33.923851013183594
          ],
          [
            151.14141845703125,
            -33.92389678955078
          ],
          [
            151.13795471191406,
            -33.923316955566406
          ],
          [
            151.13677978515625,
            -33.923370361328125
          ],
          [
            151.13592529296875,
            -33.92378234863281
          ],
          [
            151.1356658935547,
            -33.923927307128906
          ],
          [
            151.1356658935547,
            -33.923927307128906
          ],
          [
            151.13323974609375,
            -33.925540924072266
          ],
          [
            151.1328125,
            -33.9256477355957
          ],
          [
            151.1326446533203,
            -33.925655364990234
          ],
          [
            151.1308135986328,
            -33.92631530761719
          ],
          [
            151.12965393066406,
            -33.92677688598633
          ],
          [
            151.12826538085938,
            -33.926815032958984
          ],
          [
            151.1261749267578,
            -33.92649841308594
          ],
          [
            151.12570190429688,
            -33.92647171020508
          ],
          [
            151.12518310546875,
            -33.926761627197266
          ],
          [
            151.1243133544922,
            -33.927425384521484
          ],
          [
            151.12252807617188,
            -33.92718505859375
          ],
          [
            151.12167358398438,
            -33.92707061767578
          ],
          [
            151.11862182617188,
            -33.926578521728516
          ],
          [
            151.11709594726562,
            -33.926448822021484
          ],
          [
            151.11572265625,
            -33.92667007446289
          ],
          [
            151.1135711669922,
            -33.927005767822266
          ],
          [
            151.11151123046875,
            -33.92732620239258
          ],
          [
            151.1101837158203,
            -33.92754364013672
          ],
          [
            151.1090850830078,
            -33.92771530151367
          ],
          [
            151.1087188720703,
            -33.927757263183594
          ],
          [
            151.10525512695312,
            -33.92827606201172
          ],
          [
            151.10324096679688,
            -33.928585052490234
          ],
          [
            151.10110473632812,
            -33.92890930175781
          ],
          [
            151.0997772216797,
            -33.929115295410156
          ],
          [
            151.09866333007812,
            -33.929298400878906
          ],
          [
            151.09860229492188,
            -33.92930603027344
          ],
          [
            151.09869384765625,
            -33.930320739746094
          ],
          [
            151.09913635253906,
            -33.93217849731445
          ],
          [
            151.09933471679688,
            -33.933067321777344
          ],
          [
            151.0997314453125,
            -33.93484878540039
          ],
          [
            151.09962463378906,
            -33.936031341552734
          ],
          [
            151.09934997558594,
            -33.93607711791992
          ],
          [
            151.09934997558594,
            -33.93607711791992
          ],
          [
            151.09934997558594,
            -33.93607711791992
          ]
        ]
      },
      "properties": {
        "route_id": "2459_423",
        "trip_id": "2685933",
        "vehicle_id": "43054_218484174_2459_423",
        "point_count": 123,
        "start_ts": "2026-08-11T23:41:18+10",
        "end_ts": "2026-08-12T00:19:35+10",
        "avg_kmh": 23.9
      }
    },
    {
      "type": "Feature",
      "geometry": {
        "type": "LineString",
        "coordinates": [
          [
            151.2011260986328,
            -33.87400817871094
          ],
          [
            151.19847106933594,
            -33.87459182739258
          ],
          [
            151.19647216796875,
            -33.875003814697266
          ],
          [
            151.19447326660156,
            -33.87358856201172
          ],
          [
            151.19297790527344,
            -33.871612548828125
          ],
          [
            151.15785217285156,
            -33.854610443115234
          ],
          [
            151.15643310546875,
            -33.853126525878906
          ],
          [
            151.15585327148438,
            -33.85251235961914
          ],
          [
            151.15480041503906,
            -33.851409912109375
          ],
          [
            151.1541748046875,
            -33.850807189941406
          ],
          [
            151.14910888671875,
            -33.84358215332031
          ],
          [
            151.14630126953125,
            -33.840606689453125
          ],
          [
            151.14395141601562,
            -33.83891677856445
          ],
          [
            151.14096069335938,
            -33.83910369873047
          ],
          [
            151.1396942138672,
            -33.839508056640625
          ],
          [
            151.1374053955078,
            -33.840091705322266
          ],
          [
            151.1348419189453,
            -33.8393440246582
          ],
          [
            151.1327667236328,
            -33.83790969848633
          ],
          [
            151.13055419921875,
            -33.837059020996094
          ],
          [
            151.12823486328125,
            -33.836002349853516
          ],
          [
            151.12730407714844,
            -33.834102630615234
          ],
          [
            151.12680053710938,
            -33.832313537597656
          ],
          [
            151.1266632080078,
            -33.830772399902344
          ],
          [
            151.1266326904297,
            -33.8303108215332
          ],
          [
            151.12649536132812,
            -33.8287467956543
          ],
          [
            151.1262664794922,
            -33.82711410522461
          ],
          [
            151.12574768066406,
            -33.82512664794922
          ],
          [
            151.123779296875,
            -33.82386779785156
          ],
          [
            151.1226348876953,
            -33.82323455810547
          ],
          [
            151.12255859375,
            -33.82319641113281
          ],
          [
            151.12123107910156,
            -33.82225036621094
          ],
          [
            151.11988830566406,
            -33.82123947143555
          ],
          [
            151.1179656982422,
            -33.819950103759766
          ],
          [
            151.1160430908203,
            -33.81917953491211
          ],
          [
            151.11544799804688,
            -33.81889343261719
          ],
          [
            151.1149444580078,
            -33.818565368652344
          ],
          [
            151.11338806152344,
            -33.81766891479492
          ],
          [
            151.11154174804688,
            -33.81664276123047
          ],
          [
            151.11029052734375,
            -33.8165397644043
          ],
          [
            151.10919189453125,
            -33.816200256347656
          ],
          [
            151.10765075683594,
            -33.81501388549805
          ],
          [
            151.1065216064453,
            -33.81421661376953
          ],
          [
            151.1063232421875,
            -33.8140754699707
          ],
          [
            151.1063232421875,
            -33.8140754699707
          ],
          [
            151.1063232421875,
            -33.8140754699707
          ],
          [
            151.1063232421875,
            -33.8140754699707
          ],
          [
            151.10635375976562,
            -33.81404113769531
          ],
          [
            151.1061248779297,
            -33.813865661621094
          ],
          [
            151.10545349121094,
            -33.81342315673828
          ],
          [
            151.1051483154297,
            -33.813201904296875
          ],
          [
            151.1051483154297,
            -33.813201904296875
          ],
          [
            151.10496520996094,
            -33.813087463378906
          ],
          [
            151.1039581298828,
            -33.81412887573242
          ],
          [
            151.1033477783203,
            -33.81538391113281
          ],
          [
            151.1033172607422,
            -33.8154296875
          ],
          [
            151.1033172607422,
            -33.8154296875
          ],
          [
            151.10330200195312,
            -33.815433502197266
          ],
          [
            151.10292053222656,
            -33.81571960449219
          ],
          [
            151.1007843017578,
            -33.815460205078125
          ],
          [
            151.09820556640625,
            -33.81465148925781
          ],
          [
            151.09596252441406,
            -33.813236236572266
          ],
          [
            151.09532165527344,
            -33.81240463256836
          ],
          [
            151.09390258789062,
            -33.810752868652344
          ],
          [
            151.09310913085938,
            -33.809410095214844
          ],
          [
            151.09178161621094,
            -33.808677673339844
          ],
          [
            151.08981323242188,
            -33.80796813964844
          ],
          [
            151.0889892578125,
            -33.807769775390625
          ],
          [
            151.08824157714844,
            -33.80768585205078
          ],
          [
            151.08824157714844,
            -33.80768585205078
          ],
          [
            151.0880126953125,
            -33.80765151977539
          ],
          [
            151.08592224121094,
            -33.8072395324707
          ],
          [
            151.08349609375,
            -33.807037353515625
          ],
          [
            151.08306884765625,
            -33.806949615478516
          ],
          [
            151.08204650878906,
            -33.80672836303711
          ],
          [
            151.07940673828125,
            -33.80617141723633
          ],
          [
            151.07675170898438,
            -33.80581283569336
          ],
          [
            151.07452392578125,
            -33.806175231933594
          ],
          [
            151.07199096679688,
            -33.80678176879883
          ],
          [
            151.07122802734375,
            -33.806983947753906
          ],
          [
            151.07122802734375,
            -33.806983947753906
          ],
          [
            151.07122802734375,
            -33.806983947753906
          ],
          [
            151.0704345703125,
            -33.8072395324707
          ],
          [
            151.0699920654297,
            -33.80744552612305
          ],
          [
            151.06936645507812,
            -33.807647705078125
          ],
          [
            151.06686401367188,
            -33.80872344970703
          ],
          [
            151.06468200683594,
            -33.81028366088867
          ],
          [
            151.06265258789062,
            -33.811927795410156
          ],
          [
            151.05996704101562,
            -33.813045501708984
          ],
          [
            151.05787658691406,
            -33.81383514404297
          ],
          [
            151.05648803710938,
            -33.81438446044922
          ],
          [
            151.0553741455078,
            -33.81437301635742
          ],
          [
            151.05531311035156,
            -33.81436538696289
          ],
          [
            151.05413818359375,
            -33.814144134521484
          ],
          [
            151.05380249023438,
            -33.81409454345703
          ],
          [
            151.0526123046875,
            -33.813926696777344
          ],
          [
            151.04995727539062,
            -33.81352996826172
          ],
          [
            151.04727172851562,
            -33.81312942504883
          ],
          [
            151.04428100585938,
            -33.81270980834961
          ],
          [
            151.04150390625,
            -33.81234359741211
          ],
          [
            151.0391845703125,
            -33.8120002746582
          ],
          [
            151.03663635253906,
            -33.811649322509766
          ],
          [
            151.03419494628906,
            -33.811222076416016
          ],
          [
            151.03404235839844,
            -33.811161041259766
          ],
          [
            151.03297424316406,
            -33.810726165771484
          ],
          [
            151.0303497314453,
            -33.80963134765625
          ],
          [
            151.0282440185547,
            -33.8090934753418
          ],
          [
            151.025390625,
            -33.80921173095703
          ],
          [
            151.02261352539062,
            -33.80921173095703
          ],
          [
            151.01988220214844,
            -33.80876541137695
          ],
          [
            151.0181121826172,
            -33.80851364135742
          ],
          [
            151.01522827148438,
            -33.80877685546875
          ],
          [
            151.01287841796875,
            -33.808956146240234
          ],
          [
            151.0106964111328,
            -33.809139251708984
          ],
          [
            151.0084686279297,
            -33.80913543701172
          ],
          [
            151.0078887939453,
            -33.81023406982422
          ],
          [
            151.0072784423828,
            -33.811771392822266
          ],
          [
            151.00677490234375,
            -33.81277847290039
          ],
          [
            151.00660705566406,
            -33.81327819824219
          ],
          [
            151.00611877441406,
            -33.81466293334961
          ],
          [
            151.005859375,
            -33.816280364990234
          ],
          [
            151.0061492919922,
            -33.81749725341797
          ],
          [
            151.00657653808594,
            -33.81810760498047
          ],
          [
            151.0060272216797,
            -33.818382263183594
          ]
        ]
      },
      "properties": {
        "route_id": "2507_52",
        "trip_id": "2644194",
        "vehicle_id": "43268_301437610042_2507_52",
        "point_count": 123,
        "start_ts": "2026-08-11T23:41:22+10",
        "end_ts": "2026-08-12T00:19:22+10",
        "avg_kmh": 36.7
      }
    },
    {
      "type": "Feature",
      "geometry": {
        "type": "LineString",
        "coordinates": [
          [
            151.2488555908203,
            -33.891143798828125
          ],
          [
            151.2488555908203,
            -33.891143798828125
          ],
          [
            151.2542724609375,
            -33.901512145996094
          ],
          [
            151.25485229492188,
            -33.90268325805664
          ],
          [
            151.2547149658203,
            -33.9039192199707
          ],
          [
            151.25437927246094,
            -33.90430450439453
          ],
          [
            151.2540740966797,
            -33.90467834472656
          ],
          [
            151.24855041503906,
            -33.907997131347656
          ],
          [
            151.2452850341797,
            -33.908851623535156
          ],
          [
            151.24412536621094,
            -33.909122467041016
          ],
          [
            151.24363708496094,
            -33.90937805175781
          ],
          [
            151.2422332763672,
            -33.90957260131836
          ],
          [
            151.2405242919922,
            -33.909332275390625
          ],
          [
            151.23944091796875,
            -33.909507751464844
          ],
          [
            151.2392120361328,
            -33.9110107421875
          ],
          [
            151.23907470703125,
            -33.91165542602539
          ],
          [
            151.23956298828125,
            -33.913238525390625
          ],
          [
            151.23980712890625,
            -33.9138298034668
          ],
          [
            151.2404327392578,
            -33.915218353271484
          ],
          [
            151.23965454101562,
            -33.91580581665039
          ],
          [
            151.23944091796875,
            -33.916709899902344
          ],
          [
            151.23892211914062,
            -33.916954040527344
          ],
          [
            151.23704528808594,
            -33.916664123535156
          ],
          [
            151.23532104492188,
            -33.91643142700195
          ],
          [
            151.2347412109375,
            -33.91631317138672
          ],
          [
            151.23175048828125,
            -33.915687561035156
          ],
          [
            151.229736328125,
            -33.91541290283203
          ],
          [
            151.22857666015625,
            -33.91526412963867
          ],
          [
            151.22854614257812,
            -33.915260314941406
          ],
          [
            151.22775268554688,
            -33.9151725769043
          ],
          [
            151.22674560546875,
            -33.9150276184082
          ],
          [
            151.22579956054688,
            -33.9149055480957
          ],
          [
            151.22579956054688,
            -33.9149055480957
          ],
          [
            151.22569274902344,
            -33.914886474609375
          ],
          [
            151.22572326660156,
            -33.91574478149414
          ],
          [
            151.22613525390625,
            -33.91745376586914
          ],
          [
            151.22628784179688,
            -33.91787338256836
          ],
          [
            151.22628784179688,
            -33.917877197265625
          ],
          [
            151.22633361816406,
            -33.91839599609375
          ],
          [
            151.22642517089844,
            -33.91895294189453
          ],
          [
            151.22669982910156,
            -33.920616149902344
          ],
          [
            151.22682189941406,
            -33.921077728271484
          ],
          [
            151.22689819335938,
            -33.92154312133789
          ],
          [
            151.22698974609375,
            -33.92220687866211
          ],
          [
            151.22772216796875,
            -33.92380142211914
          ],
          [
            151.2280731201172,
            -33.92426300048828
          ],
          [
            151.2280731201172,
            -33.92426300048828
          ],
          [
            151.2280731201172,
            -33.92426300048828
          ],
          [
            151.2280731201172,
            -33.92426300048828
          ],
          [
            151.2280731201172,
            -33.92426300048828
          ],
          [
            151.2280731201172,
            -33.92426300048828
          ],
          [
            151.22903442382812,
            -33.924964904785156
          ],
          [
            151.22935485839844,
            -33.9251708984375
          ],
          [
            151.2294464111328,
            -33.92523956298828
          ],
          [
            151.2295379638672,
            -33.92531967163086
          ],
          [
            151.22996520996094,
            -33.92555618286133
          ],
          [
            151.2301483154297,
            -33.92560958862305
          ],
          [
            151.23252868652344,
            -33.92738342285156
          ],
          [
            151.23306274414062,
            -33.927799224853516
          ],
          [
            151.23406982421875,
            -33.92857360839844
          ],
          [
            151.23638916015625,
            -33.93000411987305
          ],
          [
            151.2373504638672,
            -33.93198013305664
          ],
          [
            151.23741149902344,
            -33.932254791259766
          ],
          [
            151.23764038085938,
            -33.933204650878906
          ],
          [
            151.2382049560547,
            -33.935813903808594
          ],
          [
            151.23867797851562,
            -33.937923431396484
          ],
          [
            151.23924255371094,
            -33.94023513793945
          ],
          [
            151.23936462402344,
            -33.94070053100586
          ],
          [
            151.23959350585938,
            -33.94175338745117
          ],
          [
            151.24012756347656,
            -33.944091796875
          ],
          [
            151.2402801513672,
            -33.94457244873047
          ],
          [
            151.24050903320312,
            -33.94567108154297
          ],
          [
            151.24058532714844,
            -33.94599151611328
          ],
          [
            151.24073791503906,
            -33.94655227661133
          ],
          [
            151.24105834960938,
            -33.94825744628906
          ],
          [
            151.2415771484375,
            -33.950504302978516
          ],
          [
            151.24197387695312,
            -33.952247619628906
          ],
          [
            151.24313354492188,
            -33.955135345458984
          ],
          [
            151.2445068359375,
            -33.956417083740234
          ],
          [
            151.2458953857422,
            -33.95794677734375
          ],
          [
            151.24681091308594,
            -33.96086120605469
          ],
          [
            151.24659729003906,
            -33.96234893798828
          ],
          [
            151.24630737304688,
            -33.964107513427734
          ],
          [
            151.2451934814453,
            -33.966087341308594
          ],
          [
            151.24314880371094,
            -33.96824264526367
          ],
          [
            151.2421417236328,
            -33.969581604003906
          ],
          [
            151.2423858642578,
            -33.97170639038086
          ],
          [
            151.2428741455078,
            -33.97316360473633
          ],
          [
            151.24290466308594,
            -33.97343063354492
          ],
          [
            151.24285888671875,
            -33.97412109375
          ],
          [
            151.24327087402344,
            -33.976646423339844
          ],
          [
            151.24423217773438,
            -33.977996826171875
          ],
          [
            151.24488830566406,
            -33.97952651977539
          ],
          [
            151.2440948486328,
            -33.98102951049805
          ],
          [
            151.2410888671875,
            -33.98176193237305
          ],
          [
            151.23880004882812,
            -33.98158264160156
          ],
          [
            151.2370147705078,
            -33.982086181640625
          ],
          [
            151.2365264892578,
            -33.98228454589844
          ],
          [
            151.2365264892578,
            -33.98228454589844
          ],
          [
            151.2365264892578,
            -33.98228454589844
          ],
          [
            151.2365264892578,
            -33.98228454589844
          ],
          [
            151.2365264892578,
            -33.98228454589844
          ],
          [
            151.2365264892578,
            -33.98228454589844
          ],
          [
            151.2365264892578,
            -33.98228454589844
          ],
          [
            151.2358856201172,
            -33.983428955078125
          ],
          [
            151.2346649169922,
            -33.98578643798828
          ],
          [
            151.23374938964844,
            -33.987548828125
          ],
          [
            151.2333221435547,
            -33.98878479003906
          ]
        ]
      },
      "properties": {
        "route_id": "2509_390X",
        "trip_id": "2434575",
        "vehicle_id": "43280_242950628_2509_390X",
        "point_count": 108,
        "start_ts": "2026-08-11T23:38:51+10",
        "end_ts": "2026-08-12T00:16:48+10",
        "avg_kmh": 30.5
      }
    },
    {
      "type": "Feature",
      "geometry": {
        "type": "LineString",
        "coordinates": [
          [
            151.21141052246094,
            -33.86222457885742
          ],
          [
            151.21145629882812,
            -33.86222457885742
          ],
          [
            151.21136474609375,
            -33.86213302612305
          ],
          [
            151.2113800048828,
            -33.862083435058594
          ],
          [
            151.2113800048828,
            -33.86197280883789
          ],
          [
            151.21141052246094,
            -33.86140060424805
          ],
          [
            151.21163940429688,
            -33.86088180541992
          ],
          [
            151.2116241455078,
            -33.861297607421875
          ],
          [
            151.21197509765625,
            -33.86130142211914
          ],
          [
            151.2119598388672,
            -33.86166000366211
          ],
          [
            151.21200561523438,
            -33.862152099609375
          ],
          [
            151.2119140625,
            -33.86362075805664
          ],
          [
            151.21180725097656,
            -33.86369705200195
          ],
          [
            151.21180725097656,
            -33.86370849609375
          ],
          [
            151.2113037109375,
            -33.86530685424805
          ],
          [
            151.21044921875,
            -33.866058349609375
          ],
          [
            151.21054077148438,
            -33.86777114868164
          ],
          [
            151.21014404296875,
            -33.86842346191406
          ],
          [
            151.21022033691406,
            -33.86854934692383
          ],
          [
            151.21009826660156,
            -33.86893844604492
          ],
          [
            151.21018981933594,
            -33.8694953918457
          ],
          [
            151.21018981933594,
            -33.86947250366211
          ],
          [
            151.2102813720703,
            -33.87040328979492
          ],
          [
            151.21005249023438,
            -33.87251663208008
          ],
          [
            151.210205078125,
            -33.8726921081543
          ],
          [
            151.210205078125,
            -33.8726921081543
          ],
          [
            151.21018981933594,
            -33.872840881347656
          ],
          [
            151.2101287841797,
            -33.87286376953125
          ],
          [
            151.2101287841797,
            -33.873695373535156
          ],
          [
            151.2097930908203,
            -33.875492095947266
          ],
          [
            151.20982360839844,
            -33.87564468383789
          ],
          [
            151.2097625732422,
            -33.87591552734375
          ],
          [
            151.21058654785156,
            -33.876792907714844
          ],
          [
            151.21202087402344,
            -33.876705169677734
          ],
          [
            151.2119903564453,
            -33.87671661376953
          ],
          [
            151.21282958984375,
            -33.87705612182617
          ],
          [
            151.21316528320312,
            -33.87733459472656
          ],
          [
            151.21383666992188,
            -33.87799835205078
          ],
          [
            151.21414184570312,
            -33.87827682495117
          ],
          [
            151.215087890625,
            -33.87908172607422
          ],
          [
            151.2157440185547,
            -33.87957763671875
          ],
          [
            151.21632385253906,
            -33.880126953125
          ],
          [
            151.2170867919922,
            -33.88063430786133
          ],
          [
            151.2176055908203,
            -33.88082504272461
          ],
          [
            151.21807861328125,
            -33.881080627441406
          ],
          [
            151.21815490722656,
            -33.88111877441406
          ],
          [
            151.21890258789062,
            -33.88145446777344
          ],
          [
            151.21908569335938,
            -33.88152313232422
          ],
          [
            151.22042846679688,
            -33.88264465332031
          ],
          [
            151.22145080566406,
            -33.883548736572266
          ],
          [
            151.22242736816406,
            -33.8838005065918
          ],
          [
            151.2230987548828,
            -33.88408279418945
          ],
          [
            151.2254638671875,
            -33.884864807128906
          ],
          [
            151.2258758544922,
            -33.8848991394043
          ],
          [
            151.22723388671875,
            -33.885074615478516
          ],
          [
            151.22886657714844,
            -33.88601303100586
          ],
          [
            151.2292022705078,
            -33.886253356933594
          ],
          [
            151.22984313964844,
            -33.88676834106445
          ],
          [
            151.23052978515625,
            -33.887245178222656
          ],
          [
            151.23268127441406,
            -33.88918685913086
          ],
          [
            151.23287963867188,
            -33.88931655883789
          ],
          [
            151.23448181152344,
            -33.88990020751953
          ],
          [
            151.23663330078125,
            -33.890716552734375
          ],
          [
            151.23883056640625,
            -33.890567779541016
          ],
          [
            151.24058532714844,
            -33.889930725097656
          ],
          [
            151.2417755126953,
            -33.88972854614258
          ],
          [
            151.24197387695312,
            -33.89011764526367
          ],
          [
            151.2425079345703,
            -33.890350341796875
          ],
          [
            151.24293518066406,
            -33.89045333862305
          ],
          [
            151.2435760498047,
            -33.89065933227539
          ],
          [
            151.24395751953125,
            -33.89078140258789
          ],
          [
            151.24685668945312,
            -33.89167022705078
          ],
          [
            151.24697875976562,
            -33.891845703125
          ],
          [
            151.2469482421875,
            -33.8918342590332
          ],
          [
            151.2471466064453,
            -33.89189910888672
          ],
          [
            151.2473602294922,
            -33.89146041870117
          ],
          [
            151.24757385253906,
            -33.89131546020508
          ],
          [
            151.24758911132812,
            -33.89131546020508
          ],
          [
            151.24758911132812,
            -33.89131546020508
          ],
          [
            151.24758911132812,
            -33.89131546020508
          ],
          [
            151.24758911132812,
            -33.89131546020508
          ],
          [
            151.24758911132812,
            -33.89131546020508
          ],
          [
            151.24758911132812,
            -33.89131546020508
          ],
          [
            151.24758911132812,
            -33.89131546020508
          ],
          [
            151.25308227539062,
            -33.89114761352539
          ],
          [
            151.25308227539062,
            -33.89112854003906
          ],
          [
            151.25306701660156,
            -33.89112091064453
          ],
          [
            151.25335693359375,
            -33.89107131958008
          ],
          [
            151.25445556640625,
            -33.892093658447266
          ],
          [
            151.2557373046875,
            -33.89280319213867
          ],
          [
            151.25621032714844,
            -33.89288330078125
          ],
          [
            151.2574005126953,
            -33.89303207397461
          ],
          [
            151.25967407226562,
            -33.89332962036133
          ],
          [
            151.2610321044922,
            -33.89348602294922
          ],
          [
            151.2614288330078,
            -33.89353942871094
          ],
          [
            151.26272583007812,
            -33.893768310546875
          ],
          [
            151.26390075683594,
            -33.89396667480469
          ],
          [
            151.26441955566406,
            -33.894004821777344
          ],
          [
            151.26502990722656,
            -33.89415740966797
          ],
          [
            151.26683044433594,
            -33.894412994384766
          ],
          [
            151.26731872558594,
            -33.89445114135742
          ],
          [
            151.26866149902344,
            -33.89467239379883
          ],
          [
            151.27110290527344,
            -33.895084381103516
          ],
          [
            151.2722625732422,
            -33.895538330078125
          ]
        ]
      },
      "properties": {
        "route_id": "2509_333",
        "trip_id": "2577973",
        "vehicle_id": "43280_243006790_2509_333",
        "point_count": 104,
        "start_ts": "2026-08-11T23:48:22+10",
        "end_ts": "2026-08-12T00:19:34+10",
        "avg_kmh": 18.0
      }
    },
    {
      "type": "Feature",
      "geometry": {
        "type": "LineString",
        "coordinates": [
          [
            151.20115661621094,
            -33.90131378173828
          ],
          [
            151.20118713378906,
            -33.901390075683594
          ],
          [
            151.2015380859375,
            -33.90207290649414
          ],
          [
            151.2023162841797,
            -33.90366744995117
          ],
          [
            151.20263671875,
            -33.904510498046875
          ],
          [
            151.2029266357422,
            -33.907161712646484
          ],
          [
            151.2025909423828,
            -33.909515380859375
          ],
          [
            151.20249938964844,
            -33.9097785949707
          ],
          [
            151.20240783691406,
            -33.91001510620117
          ],
          [
            151.20240783691406,
            -33.91001510620117
          ],
          [
            151.20228576660156,
            -33.91038131713867
          ],
          [
            151.20208740234375,
            -33.910953521728516
          ],
          [
            151.20150756835938,
            -33.912620544433594
          ],
          [
            151.20140075683594,
            -33.9129524230957
          ],
          [
            151.2010498046875,
            -33.913917541503906
          ],
          [
            151.2006072998047,
            -33.9151611328125
          ],
          [
            151.20033264160156,
            -33.916046142578125
          ],
          [
            151.1999969482422,
            -33.916996002197266
          ],
          [
            151.19956970214844,
            -33.91815948486328
          ],
          [
            151.1983184814453,
            -33.919677734375
          ],
          [
            151.1971435546875,
            -33.92074966430664
          ],
          [
            151.1968536376953,
            -33.92106628417969
          ],
          [
            151.1965789794922,
            -33.92132568359375
          ],
          [
            151.19615173339844,
            -33.92233657836914
          ],
          [
            151.19613647460938,
            -33.92245864868164
          ],
          [
            151.19580078125,
            -33.92392349243164
          ],
          [
            151.1956329345703,
            -33.92478561401367
          ],
          [
            151.19534301757812,
            -33.926273345947266
          ],
          [
            151.1951446533203,
            -33.927337646484375
          ],
          [
            151.195068359375,
            -33.9277458190918
          ],
          [
            151.19483947753906,
            -33.92885971069336
          ],
          [
            151.1947479248047,
            -33.92930221557617
          ],
          [
            151.19471740722656,
            -33.92945098876953
          ],
          [
            151.1947021484375,
            -33.92949295043945
          ],
          [
            151.19451904296875,
            -33.930240631103516
          ],
          [
            151.19415283203125,
            -33.93199920654297
          ],
          [
            151.19415283203125,
            -33.93199920654297
          ],
          [
            151.1940155029297,
            -33.932518005371094
          ],
          [
            151.1939239501953,
            -33.933128356933594
          ],
          [
            151.19427490234375,
            -33.935791015625
          ],
          [
            151.1945037841797,
            -33.93675231933594
          ],
          [
            151.19461059570312,
            -33.9377326965332
          ],
          [
            151.19461059570312,
            -33.9377326965332
          ],
          [
            151.19461059570312,
            -33.9377326965332
          ],
          [
            151.19476318359375,
            -33.93886184692383
          ],
          [
            151.1950225830078,
            -33.94145965576172
          ],
          [
            151.1954803466797,
            -33.94291687011719
          ],
          [
            151.1959991455078,
            -33.94375991821289
          ],
          [
            151.19647216796875,
            -33.944698333740234
          ],
          [
            151.19740295410156,
            -33.94655227661133
          ],
          [
            151.19737243652344,
            -33.946903228759766
          ],
          [
            151.19728088378906,
            -33.9488525390625
          ],
          [
            151.19740295410156,
            -33.95030975341797
          ],
          [
            151.19810485839844,
            -33.95091247558594
          ],
          [
            151.19969177246094,
            -33.95198440551758
          ],
          [
            151.20071411132812,
            -33.952640533447266
          ],
          [
            151.20114135742188,
            -33.95283889770508
          ],
          [
            151.20181274414062,
            -33.95325469970703
          ],
          [
            151.2035369873047,
            -33.95397186279297
          ],
          [
            151.20413208007812,
            -33.95420455932617
          ],
          [
            151.20565795898438,
            -33.955928802490234
          ],
          [
            151.20668029785156,
            -33.9573974609375
          ],
          [
            151.2075958251953,
            -33.9582633972168
          ],
          [
            151.21005249023438,
            -33.95965576171875
          ],
          [
            151.21038818359375,
            -33.95973205566406
          ],
          [
            151.21214294433594,
            -33.960411071777344
          ],
          [
            151.21316528320312,
            -33.960689544677734
          ],
          [
            151.2146759033203,
            -33.9614372253418
          ],
          [
            151.21633911132812,
            -33.961891174316406
          ],
          [
            151.2189178466797,
            -33.96245574951172
          ],
          [
            151.2198028564453,
            -33.9626350402832
          ],
          [
            151.21961975097656,
            -33.96124267578125
          ],
          [
            151.22119140625,
            -33.95984649658203
          ],
          [
            151.22268676757812,
            -33.95871353149414
          ],
          [
            151.22496032714844,
            -33.956939697265625
          ],
          [
            151.22598266601562,
            -33.95634841918945
          ],
          [
            151.22662353515625,
            -33.956207275390625
          ],
          [
            151.2270965576172,
            -33.956146240234375
          ],
          [
            151.22909545898438,
            -33.9557991027832
          ],
          [
            151.23007202148438,
            -33.95562744140625
          ],
          [
            151.23025512695312,
            -33.95561218261719
          ],
          [
            151.23092651367188,
            -33.957435607910156
          ],
          [
            151.23155212402344,
            -33.95914840698242
          ],
          [
            151.2312469482422,
            -33.96061706542969
          ],
          [
            151.23153686523438,
            -33.962371826171875
          ],
          [
            151.23179626464844,
            -33.96323776245117
          ],
          [
            151.23114013671875,
            -33.966373443603516
          ],
          [
            151.2311553955078,
            -33.9669075012207
          ],
          [
            151.23118591308594,
            -33.967041015625
          ],
          [
            151.23233032226562,
            -33.967979431152344
          ],
          [
            151.2329864501953,
            -33.96858215332031
          ],
          [
            151.2312469482422,
            -33.96994400024414
          ],
          [
            151.2301788330078,
            -33.970821380615234
          ],
          [
            151.2282257080078,
            -33.97237014770508
          ],
          [
            151.2271728515625,
            -33.97314453125
          ],
          [
            151.2261199951172,
            -33.9739875793457
          ],
          [
            151.2245635986328,
            -33.97419738769531
          ],
          [
            151.22438049316406,
            -33.97196578979492
          ],
          [
            151.22454833984375,
            -33.970481872558594
          ]
        ]
      },
      "properties": {
        "route_id": "2509_309",
        "trip_id": "2675001",
        "vehicle_id": "43280_242562530_2509_309",
        "point_count": 99,
        "start_ts": "2026-08-11T23:48:30+10",
        "end_ts": "2026-08-12T00:14:30+10",
        "avg_kmh": 30.6
      }
    },
    {
      "type": "Feature",
      "geometry": {
        "type": "LineString",
        "coordinates": [
          [
            151.28323364257812,
            -33.889381408691406
          ],
          [
            151.2835235595703,
            -33.88912582397461
          ],
          [
            151.28326416015625,
            -33.887969970703125
          ],
          [
            151.28421020507812,
            -33.886962890625
          ],
          [
            151.284423828125,
            -33.88656234741211
          ],
          [
            151.282958984375,
            -33.885860443115234
          ],
          [
            151.28160095214844,
            -33.885772705078125
          ],
          [
            151.28074645996094,
            -33.88534927368164
          ],
          [
            151.28103637695312,
            -33.88396072387695
          ],
          [
            151.28126525878906,
            -33.88285827636719
          ],
          [
            151.28126525878906,
            -33.8827018737793
          ],
          [
            151.27999877929688,
            -33.88249206542969
          ],
          [
            151.27886962890625,
            -33.8823356628418
          ],
          [
            151.27734375,
            -33.88212966918945
          ],
          [
            151.27645874023438,
            -33.8827018737793
          ],
          [
            151.27630615234375,
            -33.883453369140625
          ],
          [
            151.2760467529297,
            -33.88489532470703
          ],
          [
            151.27572631835938,
            -33.88554382324219
          ],
          [
            151.2737579345703,
            -33.88545608520508
          ],
          [
            151.2724151611328,
            -33.88685607910156
          ],
          [
            151.27200317382812,
            -33.887298583984375
          ],
          [
            151.27197265625,
            -33.887332916259766
          ],
          [
            151.27127075195312,
            -33.888092041015625
          ],
          [
            151.2705535888672,
            -33.88886260986328
          ],
          [
            151.26881408691406,
            -33.889122009277344
          ],
          [
            151.26812744140625,
            -33.88908386230469
          ],
          [
            151.26661682128906,
            -33.88882064819336
          ],
          [
            151.26576232910156,
            -33.888221740722656
          ],
          [
            151.2648162841797,
            -33.887699127197266
          ],
          [
            151.2637176513672,
            -33.88810729980469
          ],
          [
            151.2620849609375,
            -33.88798904418945
          ],
          [
            151.26019287109375,
            -33.88849639892578
          ],
          [
            151.25950622558594,
            -33.88929748535156
          ],
          [
            151.25840759277344,
            -33.88931655883789
          ],
          [
            151.25689697265625,
            -33.888999938964844
          ],
          [
            151.25552368164062,
            -33.88969421386719
          ],
          [
            151.2544708251953,
            -33.8903923034668
          ],
          [
            151.25315856933594,
            -33.891109466552734
          ],
          [
            151.251708984375,
            -33.89169692993164
          ],
          [
            151.25010681152344,
            -33.89200973510742
          ],
          [
            151.24984741210938,
            -33.89202880859375
          ],
          [
            151.24960327148438,
            -33.89122772216797
          ],
          [
            151.24900817871094,
            -33.891075134277344
          ],
          [
            151.2488250732422,
            -33.89105224609375
          ],
          [
            151.2488250732422,
            -33.89105224609375
          ],
          [
            151.2488250732422,
            -33.89105224609375
          ],
          [
            151.248779296875,
            -33.891048431396484
          ],
          [
            151.24826049804688,
            -33.89105987548828
          ],
          [
            151.24766540527344,
            -33.89105987548828
          ],
          [
            151.24769592285156,
            -33.891204833984375
          ],
          [
            151.24880981445312,
            -33.89134216308594
          ],
          [
            151.24908447265625,
            -33.8913688659668
          ],
          [
            151.2497100830078,
            -33.892311096191406
          ],
          [
            151.24951171875,
            -33.89331817626953
          ],
          [
            151.2498016357422,
            -33.894161224365234
          ],
          [
            151.25076293945312,
            -33.89554977416992
          ],
          [
            151.25149536132812,
            -33.896705627441406
          ],
          [
            151.2520751953125,
            -33.898155212402344
          ],
          [
            151.25274658203125,
            -33.899559020996094
          ],
          [
            151.25338745117188,
            -33.90012741088867
          ],
          [
            151.2542266845703,
            -33.90155029296875
          ],
          [
            151.2547607421875,
            -33.902587890625
          ],
          [
            151.2544708251953,
            -33.90415573120117
          ],
          [
            151.25436401367188,
            -33.904788970947266
          ],
          [
            151.2554168701172,
            -33.904964447021484
          ],
          [
            151.25660705566406,
            -33.905128479003906
          ],
          [
            151.25779724121094,
            -33.90536880493164
          ],
          [
            151.25906372070312,
            -33.9056510925293
          ],
          [
            151.26063537597656,
            -33.905853271484375
          ],
          [
            151.26266479492188,
            -33.906036376953125
          ],
          [
            151.26414489746094,
            -33.90623092651367
          ],
          [
            151.2655487060547,
            -33.90650177001953
          ],
          [
            151.26805114746094,
            -33.9064826965332
          ],
          [
            151.26898193359375,
            -33.90618133544922
          ],
          [
            151.2674560546875,
            -33.90489196777344
          ]
        ]
      },
      "properties": {
        "route_id": "2509_379",
        "trip_id": "2551787",
        "vehicle_id": "43280_243009129_2509_379",
        "point_count": 75,
        "start_ts": "2026-08-11T23:55:09+10",
        "end_ts": "2026-08-12T00:18:18+10",
        "avg_kmh": 26.8
      }
    }
  ]
}